{"count":1,"gauges":{},"self":9.8822376,"total":10.664205899999999,"children":{"AgentResetIfDone":{"count":479,"self":0.0089584,"total":0.0089584,"children":null},"AgentSendState":{"count":479,"self":0.0209721,"total":0.0289741,"children":{"CollectObservations":{"count":960,"self":0.008002,"total":0.008002,"children":null}}},"DecideAction":{"count":479,"self":0.58614349999999993,"total":0.707096,"children":{"RayPerceptionSensor.Perceive":{"count":960,"self":0.12095249999999999,"total":0.12095249999999999,"children":null}}},"AcademyStep":{"count":479,"self":0.0009981,"total":0.0009981,"children":null},"AgentAct":{"count":479,"self":0.0339437,"total":0.0339437,"children":null}}}