{"count":1,"gauges":{},"self":1.3827840999999998,"total":1.5227020999999998,"children":{"AgentResetIfDone":{"count":23,"self":0.0009998,"total":0.0009998,"children":null},"AgentSendState":{"count":23,"self":0.0029968,"total":0.0069930999999999995,"children":{"CollectObservations":{"count":48,"self":0.0039962999999999995,"total":0.0039962999999999995,"children":null}}},"DecideAction":{"count":23,"self":0.11592519999999999,"total":0.1259276,"children":{"RayPerceptionSensor.Perceive":{"count":48,"self":0.0100024,"total":0.0100024,"children":null}}},"AcademyStep":{"count":23,"self":0.0009985,"total":0.0009985,"children":null},"AgentAct":{"count":23,"self":0.0030007,"total":0.0030007,"children":null}}}