{"count":1,"gauges":{},"self":27.9892544,"total":29.952445599999997,"children":{"AgentResetIfDone":{"count":1361,"self":0.0339495,"total":0.0339495,"children":null},"AgentSendState":{"count":1361,"self":0.0784952,"total":0.1174846,"children":{"CollectObservations":{"count":2728,"self":0.0389894,"total":0.0389894,"children":null}}},"DecideAction":{"count":1361,"self":1.2935774,"total":1.6808494999999999,"children":{"RayPerceptionSensor.Perceive":{"count":2728,"self":0.3872721,"total":0.3872721,"children":null}}},"AcademyStep":{"count":1361,"self":0.0060006999999999994,"total":0.0060006999999999994,"children":null},"AgentAct":{"count":1361,"self":0.1229091,"total":0.1229091,"children":null}}}