{"count":1,"gauges":{},"self":34.5708352,"total":37.1535508,"children":{"AgentResetIfDone":{"count":1807,"self":0.0340156,"total":0.0340156,"children":null},"AgentSendState":{"count":1807,"self":0.0989495,"total":0.15787569999999998,"children":{"CollectObservations":{"count":3616,"self":0.0589262,"total":0.0589262,"children":null}}},"DecideAction":{"count":1807,"self":1.720626,"total":2.2088319999999997,"children":{"RayPerceptionSensor.Perceive":{"count":3616,"self":0.488206,"total":0.488206,"children":null}}},"AcademyStep":{"count":1807,"self":0.0099901,"total":0.0099901,"children":null},"AgentAct":{"count":1807,"self":0.17000079999999998,"total":0.17000079999999998,"children":null}}}