{"count":1,"gauges":{},"self":48.5166208,"total":62.2212227,"children":{"AgentResetIfDone":{"count":3034,"self":0.0719837,"total":0.0719837,"children":null},"AgentSendState":{"count":3034,"self":0.3319338,"total":0.47345499999999996,"children":{"CollectObservations":{"count":6072,"self":0.14152119999999999,"total":0.14152119999999999,"children":null}}},"DecideAction":{"count":3034,"self":11.258839199999999,"total":12.7126367,"children":{"RayPerceptionSensor.Perceive":{"count":6072,"self":1.4537972,"total":1.4537972,"children":null}}},"AcademyStep":{"count":3034,"self":0.027975399999999997,"total":0.027975399999999997,"children":null},"AgentAct":{"count":3034,"self":0.4155548,"total":0.4155548,"children":null}}}